config_id,run_id,config,metrics
1,1,"{'name': 'gsgp', 'oversampling': True, 'config': {'pop_size': 100, 'n_iter': 500, 'elitism': True, 'n_elites': 1, 'init_depth': 6, 'initializer': 'rhh', 'tournament_size': 2, 'prob_const': 0.2, 'tree_functions': ['add', 'subtract', 'multiply', 'divide'], 'tree_constants': [-10.0, -9.9, -9.8, -9.7, -9.6, -9.5, -9.4, -9.3, -9.2, -9.1, -9.0, -8.9, -8.8, -8.7, -8.6, -8.5, -8.4, -8.3, -8.2, -8.1, -8.0, -7.9, -7.8, -7.7, -7.6, -7.5, -7.4, -7.3, -7.2, -7.1, -7.0, -6.9, -6.8, -6.7, -6.6, -6.5, -6.4, -6.3, -6.2, -6.1, -6.0, -5.9, -5.8, -5.7, -5.6, -5.5, -5.4, -5.3, -5.2, -5.1, -5.0, -4.9, -4.8, -4.7, -4.6, -4.5, -4.4, -4.3, -4.2, -4.1, -4.0, -3.9, -3.8, -3.7, -3.6, -3.5, -3.4, -3.3, -3.2, -3.1, -3.0, -2.9, -2.8, -2.7, -2.6, -2.5, -2.4, -2.3, -2.2, -2.1, -2.0, -1.9, -1.8, -1.7, -1.6, -1.5, -1.4, -1.3, -1.2, -1.1, -1.0, -0.9, -0.8, -0.7, -0.6, -0.5, -0.4, -0.3, -0.2, -0.1, 0.0, 0.1, 0.2, 0.3, 0.4, 0.5, 0.6, 0.7, 0.8, 0.9, 1.0, 1.1, 1.2, 1.3, 1.4, 1.5, 1.6, 1.7, 1.8, 1.9, 2.0, 2.1, 2.2, 2.3, 2.4, 2.5, 2.6, 2.7, 2.8, 2.9, 3.0, 3.1, 3.2, 3.3, 3.4, 3.5, 3.6, 3.7, 3.8, 3.9, 4.0, 4.1, 4.2, 4.3, 4.4, 4.5, 4.6, 4.7, 4.8, 4.9, 5.0, 5.1, 5.2, 5.3, 5.4, 5.5, 5.6, 5.7, 5.8, 5.9, 6.0, 6.1, 6.2, 6.3, 6.4, 6.5, 6.6, 6.7, 6.8, 6.9, 7.0, 7.1, 7.2, 7.3, 7.4, 7.5, 7.6, 7.7, 7.8, 7.9, 8.0, 8.1, 8.2, 8.3, 8.4, 8.5, 8.6, 8.7, 8.8, 8.9, 9.0, 9.1, 9.2, 9.3, 9.4, 9.5, 9.6, 9.7, 9.8, 9.9, 10.0], 'fitness_function': 'sigmoid_rmse', 'minimization': True, 'seed': 1, 'log_path': '../../data/results/experiment3/gina/log_config_id_1.csv', 'verbose': False, 'log_level': 1, 'test_elite': True, 'p_xo': 0, 'ms_lower': 0, 'ms_upper': 1, 'reconstruct': True}}","{'train': {'accuracy': 0.882719874382019, 'roc_auc': 0.9357428550720215, 'f1_score': 0.8813880681991577, 'precision': 0.8915124535560608, 'recall': 0.8714909553527832}, 'test': {'accuracy': 0.8657505512237549, 'roc_auc': 0.9239308834075928, 'f1_score': 0.8602859973907471, 'precision': 0.880630612373352, 'recall': 0.8408601880073547}}"
1,2,"{'name': 'gsgp', 'oversampling': True, 'config': {'pop_size': 100, 'n_iter': 500, 'elitism': True, 'n_elites': 1, 'init_depth': 6, 'initializer': 'rhh', 'tournament_size': 2, 'prob_const': 0.2, 'tree_functions': ['add', 'subtract', 'multiply', 'divide'], 'tree_constants': [-10.0, -9.9, -9.8, -9.7, -9.6, -9.5, -9.4, -9.3, -9.2, -9.1, -9.0, -8.9, -8.8, -8.7, -8.6, -8.5, -8.4, -8.3, -8.2, -8.1, -8.0, -7.9, -7.8, -7.7, -7.6, -7.5, -7.4, -7.3, -7.2, -7.1, -7.0, -6.9, -6.8, -6.7, -6.6, -6.5, -6.4, -6.3, -6.2, -6.1, -6.0, -5.9, -5.8, -5.7, -5.6, -5.5, -5.4, -5.3, -5.2, -5.1, -5.0, -4.9, -4.8, -4.7, -4.6, -4.5, -4.4, -4.3, -4.2, -4.1, -4.0, -3.9, -3.8, -3.7, -3.6, -3.5, -3.4, -3.3, -3.2, -3.1, -3.0, -2.9, -2.8, -2.7, -2.6, -2.5, -2.4, -2.3, -2.2, -2.1, -2.0, -1.9, -1.8, -1.7, -1.6, -1.5, -1.4, -1.3, -1.2, -1.1, -1.0, -0.9, -0.8, -0.7, -0.6, -0.5, -0.4, -0.3, -0.2, -0.1, 0.0, 0.1, 0.2, 0.3, 0.4, 0.5, 0.6, 0.7, 0.8, 0.9, 1.0, 1.1, 1.2, 1.3, 1.4, 1.5, 1.6, 1.7, 1.8, 1.9, 2.0, 2.1, 2.2, 2.3, 2.4, 2.5, 2.6, 2.7, 2.8, 2.9, 3.0, 3.1, 3.2, 3.3, 3.4, 3.5, 3.6, 3.7, 3.8, 3.9, 4.0, 4.1, 4.2, 4.3, 4.4, 4.5, 4.6, 4.7, 4.8, 4.9, 5.0, 5.1, 5.2, 5.3, 5.4, 5.5, 5.6, 5.7, 5.8, 5.9, 6.0, 6.1, 6.2, 6.3, 6.4, 6.5, 6.6, 6.7, 6.8, 6.9, 7.0, 7.1, 7.2, 7.3, 7.4, 7.5, 7.6, 7.7, 7.8, 7.9, 8.0, 8.1, 8.2, 8.3, 8.4, 8.5, 8.6, 8.7, 8.8, 8.9, 9.0, 9.1, 9.2, 9.3, 9.4, 9.5, 9.6, 9.7, 9.8, 9.9, 10.0], 'fitness_function': 'sigmoid_rmse', 'minimization': True, 'seed': 2, 'log_path': '../../data/results/experiment3/gina/log_config_id_1.csv', 'verbose': False, 'log_level': 1, 'test_elite': True, 'p_xo': 0, 'ms_lower': 0, 'ms_upper': 1, 'reconstruct': True}}","{'train': {'accuracy': 0.9029943943023682, 'roc_auc': 0.9459489583969116, 'f1_score': 0.9028428792953491, 'precision': 0.9042553305625916, 'recall': 0.9014348387718201}, 'test': {'accuracy': 0.900634229183197, 'roc_auc': 0.9464467167854309, 'f1_score': 0.8976035118103027, 'precision': 0.9094922542572021, 'recall': 0.8860214948654175}}"
1,3,"{'name': 'gsgp', 'oversampling': True, 'config': {'pop_size': 100, 'n_iter': 500, 'elitism': True, 'n_elites': 1, 'init_depth': 6, 'initializer': 'rhh', 'tournament_size': 2, 'prob_const': 0.2, 'tree_functions': ['add', 'subtract', 'multiply', 'divide'], 'tree_constants': [-10.0, -9.9, -9.8, -9.7, -9.6, -9.5, -9.4, -9.3, -9.2, -9.1, -9.0, -8.9, -8.8, -8.7, -8.6, -8.5, -8.4, -8.3, -8.2, -8.1, -8.0, -7.9, -7.8, -7.7, -7.6, -7.5, -7.4, -7.3, -7.2, -7.1, -7.0, -6.9, -6.8, -6.7, -6.6, -6.5, -6.4, -6.3, -6.2, -6.1, -6.0, -5.9, -5.8, -5.7, -5.6, -5.5, -5.4, -5.3, -5.2, -5.1, -5.0, -4.9, -4.8, -4.7, -4.6, -4.5, -4.4, -4.3, -4.2, -4.1, -4.0, -3.9, -3.8, -3.7, -3.6, -3.5, -3.4, -3.3, -3.2, -3.1, -3.0, -2.9, -2.8, -2.7, -2.6, -2.5, -2.4, -2.3, -2.2, -2.1, -2.0, -1.9, -1.8, -1.7, -1.6, -1.5, -1.4, -1.3, -1.2, -1.1, -1.0, -0.9, -0.8, -0.7, -0.6, -0.5, -0.4, -0.3, -0.2, -0.1, 0.0, 0.1, 0.2, 0.3, 0.4, 0.5, 0.6, 0.7, 0.8, 0.9, 1.0, 1.1, 1.2, 1.3, 1.4, 1.5, 1.6, 1.7, 1.8, 1.9, 2.0, 2.1, 2.2, 2.3, 2.4, 2.5, 2.6, 2.7, 2.8, 2.9, 3.0, 3.1, 3.2, 3.3, 3.4, 3.5, 3.6, 3.7, 3.8, 3.9, 4.0, 4.1, 4.2, 4.3, 4.4, 4.5, 4.6, 4.7, 4.8, 4.9, 5.0, 5.1, 5.2, 5.3, 5.4, 5.5, 5.6, 5.7, 5.8, 5.9, 6.0, 6.1, 6.2, 6.3, 6.4, 6.5, 6.6, 6.7, 6.8, 6.9, 7.0, 7.1, 7.2, 7.3, 7.4, 7.5, 7.6, 7.7, 7.8, 7.9, 8.0, 8.1, 8.2, 8.3, 8.4, 8.5, 8.6, 8.7, 8.8, 8.9, 9.0, 9.1, 9.2, 9.3, 9.4, 9.5, 9.6, 9.7, 9.8, 9.9, 10.0], 'fitness_function': 'sigmoid_rmse', 'minimization': True, 'seed': 3, 'log_path': '../../data/results/experiment3/gina/log_config_id_1.csv', 'verbose': False, 'log_level': 1, 'test_elite': True, 'p_xo': 0, 'ms_lower': 0, 'ms_upper': 1, 'reconstruct': True}}","{'train': {'accuracy': 0.8883343935012817, 'roc_auc': 0.944814145565033, 'f1_score': 0.8885429501533508, 'precision': 0.8868862390518188, 'recall': 0.8902058601379395}, 'test': {'accuracy': 0.873150110244751, 'roc_auc': 0.9439160823822021, 'f1_score': 0.8715202808380127, 'precision': 0.8678038120269775, 'recall': 0.875268816947937}}"
1,4,"{'name': 'gsgp', 'oversampling': True, 'config': {'pop_size': 100, 'n_iter': 500, 'elitism': True, 'n_elites': 1, 'init_depth': 6, 'initializer': 'rhh', 'tournament_size': 2, 'prob_const': 0.2, 'tree_functions': ['add', 'subtract', 'multiply', 'divide'], 'tree_constants': [-10.0, -9.9, -9.8, -9.7, -9.6, -9.5, -9.4, -9.3, -9.2, -9.1, -9.0, -8.9, -8.8, -8.7, -8.6, -8.5, -8.4, -8.3, -8.2, -8.1, -8.0, -7.9, -7.8, -7.7, -7.6, -7.5, -7.4, -7.3, -7.2, -7.1, -7.0, -6.9, -6.8, -6.7, -6.6, -6.5, -6.4, -6.3, -6.2, -6.1, -6.0, -5.9, -5.8, -5.7, -5.6, -5.5, -5.4, -5.3, -5.2, -5.1, -5.0, -4.9, -4.8, -4.7, -4.6, -4.5, -4.4, -4.3, -4.2, -4.1, -4.0, -3.9, -3.8, -3.7, -3.6, -3.5, -3.4, -3.3, -3.2, -3.1, -3.0, -2.9, -2.8, -2.7, -2.6, -2.5, -2.4, -2.3, -2.2, -2.1, -2.0, -1.9, -1.8, -1.7, -1.6, -1.5, -1.4, -1.3, -1.2, -1.1, -1.0, -0.9, -0.8, -0.7, -0.6, -0.5, -0.4, -0.3, -0.2, -0.1, 0.0, 0.1, 0.2, 0.3, 0.4, 0.5, 0.6, 0.7, 0.8, 0.9, 1.0, 1.1, 1.2, 1.3, 1.4, 1.5, 1.6, 1.7, 1.8, 1.9, 2.0, 2.1, 2.2, 2.3, 2.4, 2.5, 2.6, 2.7, 2.8, 2.9, 3.0, 3.1, 3.2, 3.3, 3.4, 3.5, 3.6, 3.7, 3.8, 3.9, 4.0, 4.1, 4.2, 4.3, 4.4, 4.5, 4.6, 4.7, 4.8, 4.9, 5.0, 5.1, 5.2, 5.3, 5.4, 5.5, 5.6, 5.7, 5.8, 5.9, 6.0, 6.1, 6.2, 6.3, 6.4, 6.5, 6.6, 6.7, 6.8, 6.9, 7.0, 7.1, 7.2, 7.3, 7.4, 7.5, 7.6, 7.7, 7.8, 7.9, 8.0, 8.1, 8.2, 8.3, 8.4, 8.5, 8.6, 8.7, 8.8, 8.9, 9.0, 9.1, 9.2, 9.3, 9.4, 9.5, 9.6, 9.7, 9.8, 9.9, 10.0], 'fitness_function': 'sigmoid_rmse', 'minimization': True, 'seed': 4, 'log_path': '../../data/results/experiment3/gina/log_config_id_1.csv', 'verbose': False, 'log_level': 1, 'test_elite': True, 'p_xo': 0, 'ms_lower': 0, 'ms_upper': 1, 'reconstruct': True}}","{'train': {'accuracy': 0.8970680236816406, 'roc_auc': 0.9323574304580688, 'f1_score': 0.8964868187904358, 'precision': 0.9015772938728333, 'recall': 0.8914535045623779}, 'test': {'accuracy': 0.8974630236625671, 'roc_auc': 0.936825156211853, 'f1_score': 0.8966986536979675, 'precision': 0.8881856799125671, 'recall': 0.9053763151168823}}"
1,5,"{'name': 'gsgp', 'oversampling': True, 'config': {'pop_size': 100, 'n_iter': 500, 'elitism': True, 'n_elites': 1, 'init_depth': 6, 'initializer': 'rhh', 'tournament_size': 2, 'prob_const': 0.2, 'tree_functions': ['add', 'subtract', 'multiply', 'divide'], 'tree_constants': [-10.0, -9.9, -9.8, -9.7, -9.6, -9.5, -9.4, -9.3, -9.2, -9.1, -9.0, -8.9, -8.8, -8.7, -8.6, -8.5, -8.4, -8.3, -8.2, -8.1, -8.0, -7.9, -7.8, -7.7, -7.6, -7.5, -7.4, -7.3, -7.2, -7.1, -7.0, -6.9, -6.8, -6.7, -6.6, -6.5, -6.4, -6.3, -6.2, -6.1, -6.0, -5.9, -5.8, -5.7, -5.6, -5.5, -5.4, -5.3, -5.2, -5.1, -5.0, -4.9, -4.8, -4.7, -4.6, -4.5, -4.4, -4.3, -4.2, -4.1, -4.0, -3.9, -3.8, -3.7, -3.6, -3.5, -3.4, -3.3, -3.2, -3.1, -3.0, -2.9, -2.8, -2.7, -2.6, -2.5, -2.4, -2.3, -2.2, -2.1, -2.0, -1.9, -1.8, -1.7, -1.6, -1.5, -1.4, -1.3, -1.2, -1.1, -1.0, -0.9, -0.8, -0.7, -0.6, -0.5, -0.4, -0.3, -0.2, -0.1, 0.0, 0.1, 0.2, 0.3, 0.4, 0.5, 0.6, 0.7, 0.8, 0.9, 1.0, 1.1, 1.2, 1.3, 1.4, 1.5, 1.6, 1.7, 1.8, 1.9, 2.0, 2.1, 2.2, 2.3, 2.4, 2.5, 2.6, 2.7, 2.8, 2.9, 3.0, 3.1, 3.2, 3.3, 3.4, 3.5, 3.6, 3.7, 3.8, 3.9, 4.0, 4.1, 4.2, 4.3, 4.4, 4.5, 4.6, 4.7, 4.8, 4.9, 5.0, 5.1, 5.2, 5.3, 5.4, 5.5, 5.6, 5.7, 5.8, 5.9, 6.0, 6.1, 6.2, 6.3, 6.4, 6.5, 6.6, 6.7, 6.8, 6.9, 7.0, 7.1, 7.2, 7.3, 7.4, 7.5, 7.6, 7.7, 7.8, 7.9, 8.0, 8.1, 8.2, 8.3, 8.4, 8.5, 8.6, 8.7, 8.8, 8.9, 9.0, 9.1, 9.2, 9.3, 9.4, 9.5, 9.6, 9.7, 9.8, 9.9, 10.0], 'fitness_function': 'sigmoid_rmse', 'minimization': True, 'seed': 5, 'log_path': '../../data/results/experiment3/gina/log_config_id_1.csv', 'verbose': False, 'log_level': 1, 'test_elite': True, 'p_xo': 0, 'ms_lower': 0, 'ms_upper': 1, 'reconstruct': True}}","{'train': {'accuracy': 0.8930131196975708, 'roc_auc': 0.9388813376426697, 'f1_score': 0.8933788537979126, 'precision': 0.8903345465660095, 'recall': 0.8964441418647766}, 'test': {'accuracy': 0.9080338478088379, 'roc_auc': 0.9594661593437195, 'f1_score': 0.9067524671554565, 'precision': 0.9038461446762085, 'recall': 0.9096774458885193}}"
2,1,"{'name': 'slim', 'oversampling': True, 'config': {'pop_size': 100, 'n_iter': 500, 'elitism': True, 'n_elites': 1, 'init_depth': 6, 'initializer': 'rhh', 'tournament_size': 2, 'prob_const': 0.2, 'tree_functions': ['add', 'subtract', 'multiply', 'divide'], 'tree_constants': [-10.0, -9.9, -9.8, -9.7, -9.6, -9.5, -9.4, -9.3, -9.2, -9.1, -9.0, -8.9, -8.8, -8.7, -8.6, -8.5, -8.4, -8.3, -8.2, -8.1, -8.0, -7.9, -7.8, -7.7, -7.6, -7.5, -7.4, -7.3, -7.2, -7.1, -7.0, -6.9, -6.8, -6.7, -6.6, -6.5, -6.4, -6.3, -6.2, -6.1, -6.0, -5.9, -5.8, -5.7, -5.6, -5.5, -5.4, -5.3, -5.2, -5.1, -5.0, -4.9, -4.8, -4.7, -4.6, -4.5, -4.4, -4.3, -4.2, -4.1, -4.0, -3.9, -3.8, -3.7, -3.6, -3.5, -3.4, -3.3, -3.2, -3.1, -3.0, -2.9, -2.8, -2.7, -2.6, -2.5, -2.4, -2.3, -2.2, -2.1, -2.0, -1.9, -1.8, -1.7, -1.6, -1.5, -1.4, -1.3, -1.2, -1.1, -1.0, -0.9, -0.8, -0.7, -0.6, -0.5, -0.4, -0.3, -0.2, -0.1, 0.0, 0.1, 0.2, 0.3, 0.4, 0.5, 0.6, 0.7, 0.8, 0.9, 1.0, 1.1, 1.2, 1.3, 1.4, 1.5, 1.6, 1.7, 1.8, 1.9, 2.0, 2.1, 2.2, 2.3, 2.4, 2.5, 2.6, 2.7, 2.8, 2.9, 3.0, 3.1, 3.2, 3.3, 3.4, 3.5, 3.6, 3.7, 3.8, 3.9, 4.0, 4.1, 4.2, 4.3, 4.4, 4.5, 4.6, 4.7, 4.8, 4.9, 5.0, 5.1, 5.2, 5.3, 5.4, 5.5, 5.6, 5.7, 5.8, 5.9, 6.0, 6.1, 6.2, 6.3, 6.4, 6.5, 6.6, 6.7, 6.8, 6.9, 7.0, 7.1, 7.2, 7.3, 7.4, 7.5, 7.6, 7.7, 7.8, 7.9, 8.0, 8.1, 8.2, 8.3, 8.4, 8.5, 8.6, 8.7, 8.8, 8.9, 9.0, 9.1, 9.2, 9.3, 9.4, 9.5, 9.6, 9.7, 9.8, 9.9, 10.0], 'fitness_function': 'sigmoid_rmse', 'minimization': True, 'seed': 1, 'log_path': '../../data/results/experiment3/gina/log_config_id_2.csv', 'verbose': False, 'log_level': 1, 'test_elite': True, 'slim_version': 'SLIM+ABS', 'ms_lower': 0, 'ms_upper': 1, 'p_inflate': 0.5, 'reconstruct': True, 'copy_parent': True}}","{'train': {'accuracy': 0.8016219735145569, 'roc_auc': 0.8772057890892029, 'f1_score': 0.8037036657333374, 'precision': 0.795357346534729, 'recall': 0.8122270703315735}, 'test': {'accuracy': 0.7917547821998596, 'roc_auc': 0.860885739326477, 'f1_score': 0.791974663734436, 'precision': 0.7780082821846008, 'recall': 0.8064516186714172}}"
2,2,"{'name': 'slim', 'oversampling': True, 'config': {'pop_size': 100, 'n_iter': 500, 'elitism': True, 'n_elites': 1, 'init_depth': 6, 'initializer': 'rhh', 'tournament_size': 2, 'prob_const': 0.2, 'tree_functions': ['add', 'subtract', 'multiply', 'divide'], 'tree_constants': [-10.0, -9.9, -9.8, -9.7, -9.6, -9.5, -9.4, -9.3, -9.2, -9.1, -9.0, -8.9, -8.8, -8.7, -8.6, -8.5, -8.4, -8.3, -8.2, -8.1, -8.0, -7.9, -7.8, -7.7, -7.6, -7.5, -7.4, -7.3, -7.2, -7.1, -7.0, -6.9, -6.8, -6.7, -6.6, -6.5, -6.4, -6.3, -6.2, -6.1, -6.0, -5.9, -5.8, -5.7, -5.6, -5.5, -5.4, -5.3, -5.2, -5.1, -5.0, -4.9, -4.8, -4.7, -4.6, -4.5, -4.4, -4.3, -4.2, -4.1, -4.0, -3.9, -3.8, -3.7, -3.6, -3.5, -3.4, -3.3, -3.2, -3.1, -3.0, -2.9, -2.8, -2.7, -2.6, -2.5, -2.4, -2.3, -2.2, -2.1, -2.0, -1.9, -1.8, -1.7, -1.6, -1.5, -1.4, -1.3, -1.2, -1.1, -1.0, -0.9, -0.8, -0.7, -0.6, -0.5, -0.4, -0.3, -0.2, -0.1, 0.0, 0.1, 0.2, 0.3, 0.4, 0.5, 0.6, 0.7, 0.8, 0.9, 1.0, 1.1, 1.2, 1.3, 1.4, 1.5, 1.6, 1.7, 1.8, 1.9, 2.0, 2.1, 2.2, 2.3, 2.4, 2.5, 2.6, 2.7, 2.8, 2.9, 3.0, 3.1, 3.2, 3.3, 3.4, 3.5, 3.6, 3.7, 3.8, 3.9, 4.0, 4.1, 4.2, 4.3, 4.4, 4.5, 4.6, 4.7, 4.8, 4.9, 5.0, 5.1, 5.2, 5.3, 5.4, 5.5, 5.6, 5.7, 5.8, 5.9, 6.0, 6.1, 6.2, 6.3, 6.4, 6.5, 6.6, 6.7, 6.8, 6.9, 7.0, 7.1, 7.2, 7.3, 7.4, 7.5, 7.6, 7.7, 7.8, 7.9, 8.0, 8.1, 8.2, 8.3, 8.4, 8.5, 8.6, 8.7, 8.8, 8.9, 9.0, 9.1, 9.2, 9.3, 9.4, 9.5, 9.6, 9.7, 9.8, 9.9, 10.0], 'fitness_function': 'sigmoid_rmse', 'minimization': True, 'seed': 2, 'log_path': '../../data/results/experiment3/gina/log_config_id_2.csv', 'verbose': False, 'log_level': 1, 'test_elite': True, 'slim_version': 'SLIM+ABS', 'ms_lower': 0, 'ms_upper': 1, 'p_inflate': 0.5, 'reconstruct': True, 'copy_parent': True}}","{'train': {'accuracy': 0.7950717210769653, 'roc_auc': 0.8831304907798767, 'f1_score': 0.7965314388275146, 'precision': 0.7908979058265686, 'recall': 0.8022457957267761}, 'test': {'accuracy': 0.7801268696784973, 'roc_auc': 0.8779157400131226, 'f1_score': 0.7729257941246033, 'precision': 0.7849224209785461, 'recall': 0.7612903118133545}}"
2,3,"{'name': 'slim', 'oversampling': True, 'config': {'pop_size': 100, 'n_iter': 500, 'elitism': True, 'n_elites': 1, 'init_depth': 6, 'initializer': 'rhh', 'tournament_size': 2, 'prob_const': 0.2, 'tree_functions': ['add', 'subtract', 'multiply', 'divide'], 'tree_constants': [-10.0, -9.9, -9.8, -9.7, -9.6, -9.5, -9.4, -9.3, -9.2, -9.1, -9.0, -8.9, -8.8, -8.7, -8.6, -8.5, -8.4, -8.3, -8.2, -8.1, -8.0, -7.9, -7.8, -7.7, -7.6, -7.5, -7.4, -7.3, -7.2, -7.1, -7.0, -6.9, -6.8, -6.7, -6.6, -6.5, -6.4, -6.3, -6.2, -6.1, -6.0, -5.9, -5.8, -5.7, -5.6, -5.5, -5.4, -5.3, -5.2, -5.1, -5.0, -4.9, -4.8, -4.7, -4.6, -4.5, -4.4, -4.3, -4.2, -4.1, -4.0, -3.9, -3.8, -3.7, -3.6, -3.5, -3.4, -3.3, -3.2, -3.1, -3.0, -2.9, -2.8, -2.7, -2.6, -2.5, -2.4, -2.3, -2.2, -2.1, -2.0, -1.9, -1.8, -1.7, -1.6, -1.5, -1.4, -1.3, -1.2, -1.1, -1.0, -0.9, -0.8, -0.7, -0.6, -0.5, -0.4, -0.3, -0.2, -0.1, 0.0, 0.1, 0.2, 0.3, 0.4, 0.5, 0.6, 0.7, 0.8, 0.9, 1.0, 1.1, 1.2, 1.3, 1.4, 1.5, 1.6, 1.7, 1.8, 1.9, 2.0, 2.1, 2.2, 2.3, 2.4, 2.5, 2.6, 2.7, 2.8, 2.9, 3.0, 3.1, 3.2, 3.3, 3.4, 3.5, 3.6, 3.7, 3.8, 3.9, 4.0, 4.1, 4.2, 4.3, 4.4, 4.5, 4.6, 4.7, 4.8, 4.9, 5.0, 5.1, 5.2, 5.3, 5.4, 5.5, 5.6, 5.7, 5.8, 5.9, 6.0, 6.1, 6.2, 6.3, 6.4, 6.5, 6.6, 6.7, 6.8, 6.9, 7.0, 7.1, 7.2, 7.3, 7.4, 7.5, 7.6, 7.7, 7.8, 7.9, 8.0, 8.1, 8.2, 8.3, 8.4, 8.5, 8.6, 8.7, 8.8, 8.9, 9.0, 9.1, 9.2, 9.3, 9.4, 9.5, 9.6, 9.7, 9.8, 9.9, 10.0], 'fitness_function': 'sigmoid_rmse', 'minimization': True, 'seed': 3, 'log_path': '../../data/results/experiment3/gina/log_config_id_2.csv', 'verbose': False, 'log_level': 1, 'test_elite': True, 'slim_version': 'SLIM+ABS', 'ms_lower': 0, 'ms_upper': 1, 'p_inflate': 0.5, 'reconstruct': True, 'copy_parent': True}}","{'train': {'accuracy': 0.8034934401512146, 'roc_auc': 0.8680915236473083, 'f1_score': 0.8026315569877625, 'precision': 0.8061674237251282, 'recall': 0.7991266250610352}, 'test': {'accuracy': 0.7970401644706726, 'roc_auc': 0.859624981880188, 'f1_score': 0.7913044095039368, 'precision': 0.800000011920929, 'recall': 0.7827957272529602}}"
2,4,"{'name': 'slim', 'oversampling': True, 'config': {'pop_size': 100, 'n_iter': 500, 'elitism': True, 'n_elites': 1, 'init_depth': 6, 'initializer': 'rhh', 'tournament_size': 2, 'prob_const': 0.2, 'tree_functions': ['add', 'subtract', 'multiply', 'divide'], 'tree_constants': [-10.0, -9.9, -9.8, -9.7, -9.6, -9.5, -9.4, -9.3, -9.2, -9.1, -9.0, -8.9, -8.8, -8.7, -8.6, -8.5, -8.4, -8.3, -8.2, -8.1, -8.0, -7.9, -7.8, -7.7, -7.6, -7.5, -7.4, -7.3, -7.2, -7.1, -7.0, -6.9, -6.8, -6.7, -6.6, -6.5, -6.4, -6.3, -6.2, -6.1, -6.0, -5.9, -5.8, -5.7, -5.6, -5.5, -5.4, -5.3, -5.2, -5.1, -5.0, -4.9, -4.8, -4.7, -4.6, -4.5, -4.4, -4.3, -4.2, -4.1, -4.0, -3.9, -3.8, -3.7, -3.6, -3.5, -3.4, -3.3, -3.2, -3.1, -3.0, -2.9, -2.8, -2.7, -2.6, -2.5, -2.4, -2.3, -2.2, -2.1, -2.0, -1.9, -1.8, -1.7, -1.6, -1.5, -1.4, -1.3, -1.2, -1.1, -1.0, -0.9, -0.8, -0.7, -0.6, -0.5, -0.4, -0.3, -0.2, -0.1, 0.0, 0.1, 0.2, 0.3, 0.4, 0.5, 0.6, 0.7, 0.8, 0.9, 1.0, 1.1, 1.2, 1.3, 1.4, 1.5, 1.6, 1.7, 1.8, 1.9, 2.0, 2.1, 2.2, 2.3, 2.4, 2.5, 2.6, 2.7, 2.8, 2.9, 3.0, 3.1, 3.2, 3.3, 3.4, 3.5, 3.6, 3.7, 3.8, 3.9, 4.0, 4.1, 4.2, 4.3, 4.4, 4.5, 4.6, 4.7, 4.8, 4.9, 5.0, 5.1, 5.2, 5.3, 5.4, 5.5, 5.6, 5.7, 5.8, 5.9, 6.0, 6.1, 6.2, 6.3, 6.4, 6.5, 6.6, 6.7, 6.8, 6.9, 7.0, 7.1, 7.2, 7.3, 7.4, 7.5, 7.6, 7.7, 7.8, 7.9, 8.0, 8.1, 8.2, 8.3, 8.4, 8.5, 8.6, 8.7, 8.8, 8.9, 9.0, 9.1, 9.2, 9.3, 9.4, 9.5, 9.6, 9.7, 9.8, 9.9, 10.0], 'fitness_function': 'sigmoid_rmse', 'minimization': True, 'seed': 4, 'log_path': '../../data/results/experiment3/gina/log_config_id_2.csv', 'verbose': False, 'log_level': 1, 'test_elite': True, 'slim_version': 'SLIM+ABS', 'ms_lower': 0, 'ms_upper': 1, 'p_inflate': 0.5, 'reconstruct': True, 'copy_parent': True}}","{'train': {'accuracy': 0.8187772631645203, 'roc_auc': 0.8785091638565063, 'f1_score': 0.8152623176574707, 'precision': 0.8313878178596497, 'recall': 0.7997504472732544}, 'test': {'accuracy': 0.8213530778884888, 'roc_auc': 0.8860975503921509, 'f1_score': 0.8144895434379578, 'precision': 0.8318385481834412, 'recall': 0.7978494763374329}}"
2,5,"{'name': 'slim', 'oversampling': True, 'config': {'pop_size': 100, 'n_iter': 500, 'elitism': True, 'n_elites': 1, 'init_depth': 6, 'initializer': 'rhh', 'tournament_size': 2, 'prob_const': 0.2, 'tree_functions': ['add', 'subtract', 'multiply', 'divide'], 'tree_constants': [-10.0, -9.9, -9.8, -9.7, -9.6, -9.5, -9.4, -9.3, -9.2, -9.1, -9.0, -8.9, -8.8, -8.7, -8.6, -8.5, -8.4, -8.3, -8.2, -8.1, -8.0, -7.9, -7.8, -7.7, -7.6, -7.5, -7.4, -7.3, -7.2, -7.1, -7.0, -6.9, -6.8, -6.7, -6.6, -6.5, -6.4, -6.3, -6.2, -6.1, -6.0, -5.9, -5.8, -5.7, -5.6, -5.5, -5.4, -5.3, -5.2, -5.1, -5.0, -4.9, -4.8, -4.7, -4.6, -4.5, -4.4, -4.3, -4.2, -4.1, -4.0, -3.9, -3.8, -3.7, -3.6, -3.5, -3.4, -3.3, -3.2, -3.1, -3.0, -2.9, -2.8, -2.7, -2.6, -2.5, -2.4, -2.3, -2.2, -2.1, -2.0, -1.9, -1.8, -1.7, -1.6, -1.5, -1.4, -1.3, -1.2, -1.1, -1.0, -0.9, -0.8, -0.7, -0.6, -0.5, -0.4, -0.3, -0.2, -0.1, 0.0, 0.1, 0.2, 0.3, 0.4, 0.5, 0.6, 0.7, 0.8, 0.9, 1.0, 1.1, 1.2, 1.3, 1.4, 1.5, 1.6, 1.7, 1.8, 1.9, 2.0, 2.1, 2.2, 2.3, 2.4, 2.5, 2.6, 2.7, 2.8, 2.9, 3.0, 3.1, 3.2, 3.3, 3.4, 3.5, 3.6, 3.7, 3.8, 3.9, 4.0, 4.1, 4.2, 4.3, 4.4, 4.5, 4.6, 4.7, 4.8, 4.9, 5.0, 5.1, 5.2, 5.3, 5.4, 5.5, 5.6, 5.7, 5.8, 5.9, 6.0, 6.1, 6.2, 6.3, 6.4, 6.5, 6.6, 6.7, 6.8, 6.9, 7.0, 7.1, 7.2, 7.3, 7.4, 7.5, 7.6, 7.7, 7.8, 7.9, 8.0, 8.1, 8.2, 8.3, 8.4, 8.5, 8.6, 8.7, 8.8, 8.9, 9.0, 9.1, 9.2, 9.3, 9.4, 9.5, 9.6, 9.7, 9.8, 9.9, 10.0], 'fitness_function': 'sigmoid_rmse', 'minimization': True, 'seed': 5, 'log_path': '../../data/results/experiment3/gina/log_config_id_2.csv', 'verbose': False, 'log_level': 1, 'test_elite': True, 'slim_version': 'SLIM+ABS', 'ms_lower': 0, 'ms_upper': 1, 'p_inflate': 0.5, 'reconstruct': True, 'copy_parent': True}}","{'train': {'accuracy': 0.7941359877586365, 'roc_auc': 0.8708273768424988, 'f1_score': 0.7843137383460999, 'precision': 0.8236101865768433, 'recall': 0.7485963702201843}, 'test': {'accuracy': 0.795983076095581, 'roc_auc': 0.8762256503105164, 'f1_score': 0.7833894491195679, 'precision': 0.8192488551139832, 'recall': 0.750537633895874}}"
3,1,"{'name': 'slim', 'oversampling': True, 'config': {'pop_size': 100, 'n_iter': 500, 'elitism': True, 'n_elites': 1, 'init_depth': 6, 'initializer': 'rhh', 'tournament_size': 2, 'prob_const': 0.2, 'tree_functions': ['add', 'subtract', 'multiply', 'divide'], 'tree_constants': [-10.0, -9.9, -9.8, -9.7, -9.6, -9.5, -9.4, -9.3, -9.2, -9.1, -9.0, -8.9, -8.8, -8.7, -8.6, -8.5, -8.4, -8.3, -8.2, -8.1, -8.0, -7.9, -7.8, -7.7, -7.6, -7.5, -7.4, -7.3, -7.2, -7.1, -7.0, -6.9, -6.8, -6.7, -6.6, -6.5, -6.4, -6.3, -6.2, -6.1, -6.0, -5.9, -5.8, -5.7, -5.6, -5.5, -5.4, -5.3, -5.2, -5.1, -5.0, -4.9, -4.8, -4.7, -4.6, -4.5, -4.4, -4.3, -4.2, -4.1, -4.0, -3.9, -3.8, -3.7, -3.6, -3.5, -3.4, -3.3, -3.2, -3.1, -3.0, -2.9, -2.8, -2.7, -2.6, -2.5, -2.4, -2.3, -2.2, -2.1, -2.0, -1.9, -1.8, -1.7, -1.6, -1.5, -1.4, -1.3, -1.2, -1.1, -1.0, -0.9, -0.8, -0.7, -0.6, -0.5, -0.4, -0.3, -0.2, -0.1, 0.0, 0.1, 0.2, 0.3, 0.4, 0.5, 0.6, 0.7, 0.8, 0.9, 1.0, 1.1, 1.2, 1.3, 1.4, 1.5, 1.6, 1.7, 1.8, 1.9, 2.0, 2.1, 2.2, 2.3, 2.4, 2.5, 2.6, 2.7, 2.8, 2.9, 3.0, 3.1, 3.2, 3.3, 3.4, 3.5, 3.6, 3.7, 3.8, 3.9, 4.0, 4.1, 4.2, 4.3, 4.4, 4.5, 4.6, 4.7, 4.8, 4.9, 5.0, 5.1, 5.2, 5.3, 5.4, 5.5, 5.6, 5.7, 5.8, 5.9, 6.0, 6.1, 6.2, 6.3, 6.4, 6.5, 6.6, 6.7, 6.8, 6.9, 7.0, 7.1, 7.2, 7.3, 7.4, 7.5, 7.6, 7.7, 7.8, 7.9, 8.0, 8.1, 8.2, 8.3, 8.4, 8.5, 8.6, 8.7, 8.8, 8.9, 9.0, 9.1, 9.2, 9.3, 9.4, 9.5, 9.6, 9.7, 9.8, 9.9, 10.0], 'fitness_function': 'sigmoid_rmse', 'minimization': True, 'seed': 1, 'log_path': '../../data/results/experiment3/gina/log_config_id_3.csv', 'verbose': False, 'log_level': 1, 'test_elite': True, 'slim_version': 'SLIM+SIG1', 'ms_lower': 0, 'ms_upper': 1, 'p_inflate': 0.5, 'reconstruct': True, 'copy_parent': True}}","{'train': {'accuracy': 0.789769172668457, 'roc_auc': 0.866077721118927, 'f1_score': 0.7904229164123535, 'precision': 0.7879727482795715, 'recall': 0.792888343334198}, 'test': {'accuracy': 0.795983076095581, 'roc_auc': 0.873149573802948, 'f1_score': 0.7899891138076782, 'precision': 0.799559473991394, 'recall': 0.7806451320648193}}"
3,2,"{'name': 'slim', 'oversampling': True, 'config': {'pop_size': 100, 'n_iter': 500, 'elitism': True, 'n_elites': 1, 'init_depth': 6, 'initializer': 'rhh', 'tournament_size': 2, 'prob_const': 0.2, 'tree_functions': ['add', 'subtract', 'multiply', 'divide'], 'tree_constants': [-10.0, -9.9, -9.8, -9.7, -9.6, -9.5, -9.4, -9.3, -9.2, -9.1, -9.0, -8.9, -8.8, -8.7, -8.6, -8.5, -8.4, -8.3, -8.2, -8.1, -8.0, -7.9, -7.8, -7.7, -7.6, -7.5, -7.4, -7.3, -7.2, -7.1, -7.0, -6.9, -6.8, -6.7, -6.6, -6.5, -6.4, -6.3, -6.2, -6.1, -6.0, -5.9, -5.8, -5.7, -5.6, -5.5, -5.4, -5.3, -5.2, -5.1, -5.0, -4.9, -4.8, -4.7, -4.6, -4.5, -4.4, -4.3, -4.2, -4.1, -4.0, -3.9, -3.8, -3.7, -3.6, -3.5, -3.4, -3.3, -3.2, -3.1, -3.0, -2.9, -2.8, -2.7, -2.6, -2.5, -2.4, -2.3, -2.2, -2.1, -2.0, -1.9, -1.8, -1.7, -1.6, -1.5, -1.4, -1.3, -1.2, -1.1, -1.0, -0.9, -0.8, -0.7, -0.6, -0.5, -0.4, -0.3, -0.2, -0.1, 0.0, 0.1, 0.2, 0.3, 0.4, 0.5, 0.6, 0.7, 0.8, 0.9, 1.0, 1.1, 1.2, 1.3, 1.4, 1.5, 1.6, 1.7, 1.8, 1.9, 2.0, 2.1, 2.2, 2.3, 2.4, 2.5, 2.6, 2.7, 2.8, 2.9, 3.0, 3.1, 3.2, 3.3, 3.4, 3.5, 3.6, 3.7, 3.8, 3.9, 4.0, 4.1, 4.2, 4.3, 4.4, 4.5, 4.6, 4.7, 4.8, 4.9, 5.0, 5.1, 5.2, 5.3, 5.4, 5.5, 5.6, 5.7, 5.8, 5.9, 6.0, 6.1, 6.2, 6.3, 6.4, 6.5, 6.6, 6.7, 6.8, 6.9, 7.0, 7.1, 7.2, 7.3, 7.4, 7.5, 7.6, 7.7, 7.8, 7.9, 8.0, 8.1, 8.2, 8.3, 8.4, 8.5, 8.6, 8.7, 8.8, 8.9, 9.0, 9.1, 9.2, 9.3, 9.4, 9.5, 9.6, 9.7, 9.8, 9.9, 10.0], 'fitness_function': 'sigmoid_rmse', 'minimization': True, 'seed': 2, 'log_path': '../../data/results/experiment3/gina/log_config_id_3.csv', 'verbose': False, 'log_level': 1, 'test_elite': True, 'slim_version': 'SLIM+SIG1', 'ms_lower': 0, 'ms_upper': 1, 'p_inflate': 0.5, 'reconstruct': True, 'copy_parent': True}}","{'train': {'accuracy': 0.8200249671936035, 'roc_auc': 0.8927841186523438, 'f1_score': 0.8220783472061157, 'precision': 0.8128048777580261, 'recall': 0.831565797328949}, 'test': {'accuracy': 0.8012685179710388, 'roc_auc': 0.8887354135513306, 'f1_score': 0.7969762086868286, 'precision': 0.8004338145256042, 'recall': 0.7935484051704407}}"
3,3,"{'name': 'slim', 'oversampling': True, 'config': {'pop_size': 100, 'n_iter': 500, 'elitism': True, 'n_elites': 1, 'init_depth': 6, 'initializer': 'rhh', 'tournament_size': 2, 'prob_const': 0.2, 'tree_functions': ['add', 'subtract', 'multiply', 'divide'], 'tree_constants': [-10.0, -9.9, -9.8, -9.7, -9.6, -9.5, -9.4, -9.3, -9.2, -9.1, -9.0, -8.9, -8.8, -8.7, -8.6, -8.5, -8.4, -8.3, -8.2, -8.1, -8.0, -7.9, -7.8, -7.7, -7.6, -7.5, -7.4, -7.3, -7.2, -7.1, -7.0, -6.9, -6.8, -6.7, -6.6, -6.5, -6.4, -6.3, -6.2, -6.1, -6.0, -5.9, -5.8, -5.7, -5.6, -5.5, -5.4, -5.3, -5.2, -5.1, -5.0, -4.9, -4.8, -4.7, -4.6, -4.5, -4.4, -4.3, -4.2, -4.1, -4.0, -3.9, -3.8, -3.7, -3.6, -3.5, -3.4, -3.3, -3.2, -3.1, -3.0, -2.9, -2.8, -2.7, -2.6, -2.5, -2.4, -2.3, -2.2, -2.1, -2.0, -1.9, -1.8, -1.7, -1.6, -1.5, -1.4, -1.3, -1.2, -1.1, -1.0, -0.9, -0.8, -0.7, -0.6, -0.5, -0.4, -0.3, -0.2, -0.1, 0.0, 0.1, 0.2, 0.3, 0.4, 0.5, 0.6, 0.7, 0.8, 0.9, 1.0, 1.1, 1.2, 1.3, 1.4, 1.5, 1.6, 1.7, 1.8, 1.9, 2.0, 2.1, 2.2, 2.3, 2.4, 2.5, 2.6, 2.7, 2.8, 2.9, 3.0, 3.1, 3.2, 3.3, 3.4, 3.5, 3.6, 3.7, 3.8, 3.9, 4.0, 4.1, 4.2, 4.3, 4.4, 4.5, 4.6, 4.7, 4.8, 4.9, 5.0, 5.1, 5.2, 5.3, 5.4, 5.5, 5.6, 5.7, 5.8, 5.9, 6.0, 6.1, 6.2, 6.3, 6.4, 6.5, 6.6, 6.7, 6.8, 6.9, 7.0, 7.1, 7.2, 7.3, 7.4, 7.5, 7.6, 7.7, 7.8, 7.9, 8.0, 8.1, 8.2, 8.3, 8.4, 8.5, 8.6, 8.7, 8.8, 8.9, 9.0, 9.1, 9.2, 9.3, 9.4, 9.5, 9.6, 9.7, 9.8, 9.9, 10.0], 'fitness_function': 'sigmoid_rmse', 'minimization': True, 'seed': 3, 'log_path': '../../data/results/experiment3/gina/log_config_id_3.csv', 'verbose': False, 'log_level': 1, 'test_elite': True, 'slim_version': 'SLIM+SIG1', 'ms_lower': 0, 'ms_upper': 1, 'p_inflate': 0.5, 'reconstruct': True, 'copy_parent': True}}","{'train': {'accuracy': 0.7988147139549255, 'roc_auc': 0.8672413229942322, 'f1_score': 0.8034135699272156, 'precision': 0.7854588627815247, 'recall': 0.8222083449363708}, 'test': {'accuracy': 0.7980972528457642, 'roc_auc': 0.8651598691940308, 'f1_score': 0.7995802164077759, 'precision': 0.7807376980781555, 'recall': 0.8193548321723938}}"
3,4,"{'name': 'slim', 'oversampling': True, 'config': {'pop_size': 100, 'n_iter': 500, 'elitism': True, 'n_elites': 1, 'init_depth': 6, 'initializer': 'rhh', 'tournament_size': 2, 'prob_const': 0.2, 'tree_functions': ['add', 'subtract', 'multiply', 'divide'], 'tree_constants': [-10.0, -9.9, -9.8, -9.7, -9.6, -9.5, -9.4, -9.3, -9.2, -9.1, -9.0, -8.9, -8.8, -8.7, -8.6, -8.5, -8.4, -8.3, -8.2, -8.1, -8.0, -7.9, -7.8, -7.7, -7.6, -7.5, -7.4, -7.3, -7.2, -7.1, -7.0, -6.9, -6.8, -6.7, -6.6, -6.5, -6.4, -6.3, -6.2, -6.1, -6.0, -5.9, -5.8, -5.7, -5.6, -5.5, -5.4, -5.3, -5.2, -5.1, -5.0, -4.9, -4.8, -4.7, -4.6, -4.5, -4.4, -4.3, -4.2, -4.1, -4.0, -3.9, -3.8, -3.7, -3.6, -3.5, -3.4, -3.3, -3.2, -3.1, -3.0, -2.9, -2.8, -2.7, -2.6, -2.5, -2.4, -2.3, -2.2, -2.1, -2.0, -1.9, -1.8, -1.7, -1.6, -1.5, -1.4, -1.3, -1.2, -1.1, -1.0, -0.9, -0.8, -0.7, -0.6, -0.5, -0.4, -0.3, -0.2, -0.1, 0.0, 0.1, 0.2, 0.3, 0.4, 0.5, 0.6, 0.7, 0.8, 0.9, 1.0, 1.1, 1.2, 1.3, 1.4, 1.5, 1.6, 1.7, 1.8, 1.9, 2.0, 2.1, 2.2, 2.3, 2.4, 2.5, 2.6, 2.7, 2.8, 2.9, 3.0, 3.1, 3.2, 3.3, 3.4, 3.5, 3.6, 3.7, 3.8, 3.9, 4.0, 4.1, 4.2, 4.3, 4.4, 4.5, 4.6, 4.7, 4.8, 4.9, 5.0, 5.1, 5.2, 5.3, 5.4, 5.5, 5.6, 5.7, 5.8, 5.9, 6.0, 6.1, 6.2, 6.3, 6.4, 6.5, 6.6, 6.7, 6.8, 6.9, 7.0, 7.1, 7.2, 7.3, 7.4, 7.5, 7.6, 7.7, 7.8, 7.9, 8.0, 8.1, 8.2, 8.3, 8.4, 8.5, 8.6, 8.7, 8.8, 8.9, 9.0, 9.1, 9.2, 9.3, 9.4, 9.5, 9.6, 9.7, 9.8, 9.9, 10.0], 'fitness_function': 'sigmoid_rmse', 'minimization': True, 'seed': 4, 'log_path': '../../data/results/experiment3/gina/log_config_id_3.csv', 'verbose': False, 'log_level': 1, 'test_elite': True, 'slim_version': 'SLIM+SIG1', 'ms_lower': 0, 'ms_upper': 1, 'p_inflate': 0.5, 'reconstruct': True, 'copy_parent': True}}","{'train': {'accuracy': 0.8337492346763611, 'roc_auc': 0.889061689376831, 'f1_score': 0.8360504508018494, 'precision': 0.824635922908783, 'recall': 0.8477854132652283}, 'test': {'accuracy': 0.8382663726806641, 'roc_auc': 0.8881363272666931, 'f1_score': 0.8384371995925903, 'precision': 0.8236514329910278, 'recall': 0.8537634611129761}}"
3,5,"{'name': 'slim', 'oversampling': True, 'config': {'pop_size': 100, 'n_iter': 500, 'elitism': True, 'n_elites': 1, 'init_depth': 6, 'initializer': 'rhh', 'tournament_size': 2, 'prob_const': 0.2, 'tree_functions': ['add', 'subtract', 'multiply', 'divide'], 'tree_constants': [-10.0, -9.9, -9.8, -9.7, -9.6, -9.5, -9.4, -9.3, -9.2, -9.1, -9.0, -8.9, -8.8, -8.7, -8.6, -8.5, -8.4, -8.3, -8.2, -8.1, -8.0, -7.9, -7.8, -7.7, -7.6, -7.5, -7.4, -7.3, -7.2, -7.1, -7.0, -6.9, -6.8, -6.7, -6.6, -6.5, -6.4, -6.3, -6.2, -6.1, -6.0, -5.9, -5.8, -5.7, -5.6, -5.5, -5.4, -5.3, -5.2, -5.1, -5.0, -4.9, -4.8, -4.7, -4.6, -4.5, -4.4, -4.3, -4.2, -4.1, -4.0, -3.9, -3.8, -3.7, -3.6, -3.5, -3.4, -3.3, -3.2, -3.1, -3.0, -2.9, -2.8, -2.7, -2.6, -2.5, -2.4, -2.3, -2.2, -2.1, -2.0, -1.9, -1.8, -1.7, -1.6, -1.5, -1.4, -1.3, -1.2, -1.1, -1.0, -0.9, -0.8, -0.7, -0.6, -0.5, -0.4, -0.3, -0.2, -0.1, 0.0, 0.1, 0.2, 0.3, 0.4, 0.5, 0.6, 0.7, 0.8, 0.9, 1.0, 1.1, 1.2, 1.3, 1.4, 1.5, 1.6, 1.7, 1.8, 1.9, 2.0, 2.1, 2.2, 2.3, 2.4, 2.5, 2.6, 2.7, 2.8, 2.9, 3.0, 3.1, 3.2, 3.3, 3.4, 3.5, 3.6, 3.7, 3.8, 3.9, 4.0, 4.1, 4.2, 4.3, 4.4, 4.5, 4.6, 4.7, 4.8, 4.9, 5.0, 5.1, 5.2, 5.3, 5.4, 5.5, 5.6, 5.7, 5.8, 5.9, 6.0, 6.1, 6.2, 6.3, 6.4, 6.5, 6.6, 6.7, 6.8, 6.9, 7.0, 7.1, 7.2, 7.3, 7.4, 7.5, 7.6, 7.7, 7.8, 7.9, 8.0, 8.1, 8.2, 8.3, 8.4, 8.5, 8.6, 8.7, 8.8, 8.9, 9.0, 9.1, 9.2, 9.3, 9.4, 9.5, 9.6, 9.7, 9.8, 9.9, 10.0], 'fitness_function': 'sigmoid_rmse', 'minimization': True, 'seed': 5, 'log_path': '../../data/results/experiment3/gina/log_config_id_3.csv', 'verbose': False, 'log_level': 1, 'test_elite': True, 'slim_version': 'SLIM+SIG1', 'ms_lower': 0, 'ms_upper': 1, 'p_inflate': 0.5, 'reconstruct': True, 'copy_parent': True}}","{'train': {'accuracy': 0.8206487894058228, 'roc_auc': 0.8892796039581299, 'f1_score': 0.8176339864730835, 'precision': 0.8316128849983215, 'recall': 0.8041172623634338}, 'test': {'accuracy': 0.8128964304924011, 'roc_auc': 0.8891959190368652, 'f1_score': 0.8073993921279907, 'precision': 0.8171806335449219, 'recall': 0.7978494763374329}}"
4,1,"{'name': 'slim', 'oversampling': True, 'config': {'pop_size': 100, 'n_iter': 500, 'elitism': True, 'n_elites': 1, 'init_depth': 6, 'initializer': 'rhh', 'tournament_size': 2, 'prob_const': 0.2, 'tree_functions': ['add', 'subtract', 'multiply', 'divide'], 'tree_constants': [-10.0, -9.9, -9.8, -9.7, -9.6, -9.5, -9.4, -9.3, -9.2, -9.1, -9.0, -8.9, -8.8, -8.7, -8.6, -8.5, -8.4, -8.3, -8.2, -8.1, -8.0, -7.9, -7.8, -7.7, -7.6, -7.5, -7.4, -7.3, -7.2, -7.1, -7.0, -6.9, -6.8, -6.7, -6.6, -6.5, -6.4, -6.3, -6.2, -6.1, -6.0, -5.9, -5.8, -5.7, -5.6, -5.5, -5.4, -5.3, -5.2, -5.1, -5.0, -4.9, -4.8, -4.7, -4.6, -4.5, -4.4, -4.3, -4.2, -4.1, -4.0, -3.9, -3.8, -3.7, -3.6, -3.5, -3.4, -3.3, -3.2, -3.1, -3.0, -2.9, -2.8, -2.7, -2.6, -2.5, -2.4, -2.3, -2.2, -2.1, -2.0, -1.9, -1.8, -1.7, -1.6, -1.5, -1.4, -1.3, -1.2, -1.1, -1.0, -0.9, -0.8, -0.7, -0.6, -0.5, -0.4, -0.3, -0.2, -0.1, 0.0, 0.1, 0.2, 0.3, 0.4, 0.5, 0.6, 0.7, 0.8, 0.9, 1.0, 1.1, 1.2, 1.3, 1.4, 1.5, 1.6, 1.7, 1.8, 1.9, 2.0, 2.1, 2.2, 2.3, 2.4, 2.5, 2.6, 2.7, 2.8, 2.9, 3.0, 3.1, 3.2, 3.3, 3.4, 3.5, 3.6, 3.7, 3.8, 3.9, 4.0, 4.1, 4.2, 4.3, 4.4, 4.5, 4.6, 4.7, 4.8, 4.9, 5.0, 5.1, 5.2, 5.3, 5.4, 5.5, 5.6, 5.7, 5.8, 5.9, 6.0, 6.1, 6.2, 6.3, 6.4, 6.5, 6.6, 6.7, 6.8, 6.9, 7.0, 7.1, 7.2, 7.3, 7.4, 7.5, 7.6, 7.7, 7.8, 7.9, 8.0, 8.1, 8.2, 8.3, 8.4, 8.5, 8.6, 8.7, 8.8, 8.9, 9.0, 9.1, 9.2, 9.3, 9.4, 9.5, 9.6, 9.7, 9.8, 9.9, 10.0], 'fitness_function': 'sigmoid_rmse', 'minimization': True, 'seed': 1, 'log_path': '../../data/results/experiment3/gina/log_config_id_4.csv', 'verbose': False, 'log_level': 1, 'test_elite': True, 'slim_version': 'SLIM+SIG2', 'ms_lower': 0, 'ms_upper': 1, 'p_inflate': 0.5, 'reconstruct': True, 'copy_parent': True}}","{'train': {'accuracy': 0.8041172623634338, 'roc_auc': 0.8800241947174072, 'f1_score': 0.8095815777778625, 'precision': 0.7876105904579163, 'recall': 0.8328135013580322}, 'test': {'accuracy': 0.7991543412208557, 'roc_auc': 0.8726980090141296, 'f1_score': 0.8024948239326477, 'precision': 0.7766599655151367, 'recall': 0.8301075100898743}}"
4,2,"{'name': 'slim', 'oversampling': True, 'config': {'pop_size': 100, 'n_iter': 500, 'elitism': True, 'n_elites': 1, 'init_depth': 6, 'initializer': 'rhh', 'tournament_size': 2, 'prob_const': 0.2, 'tree_functions': ['add', 'subtract', 'multiply', 'divide'], 'tree_constants': [-10.0, -9.9, -9.8, -9.7, -9.6, -9.5, -9.4, -9.3, -9.2, -9.1, -9.0, -8.9, -8.8, -8.7, -8.6, -8.5, -8.4, -8.3, -8.2, -8.1, -8.0, -7.9, -7.8, -7.7, -7.6, -7.5, -7.4, -7.3, -7.2, -7.1, -7.0, -6.9, -6.8, -6.7, -6.6, -6.5, -6.4, -6.3, -6.2, -6.1, -6.0, -5.9, -5.8, -5.7, -5.6, -5.5, -5.4, -5.3, -5.2, -5.1, -5.0, -4.9, -4.8, -4.7, -4.6, -4.5, -4.4, -4.3, -4.2, -4.1, -4.0, -3.9, -3.8, -3.7, -3.6, -3.5, -3.4, -3.3, -3.2, -3.1, -3.0, -2.9, -2.8, -2.7, -2.6, -2.5, -2.4, -2.3, -2.2, -2.1, -2.0, -1.9, -1.8, -1.7, -1.6, -1.5, -1.4, -1.3, -1.2, -1.1, -1.0, -0.9, -0.8, -0.7, -0.6, -0.5, -0.4, -0.3, -0.2, -0.1, 0.0, 0.1, 0.2, 0.3, 0.4, 0.5, 0.6, 0.7, 0.8, 0.9, 1.0, 1.1, 1.2, 1.3, 1.4, 1.5, 1.6, 1.7, 1.8, 1.9, 2.0, 2.1, 2.2, 2.3, 2.4, 2.5, 2.6, 2.7, 2.8, 2.9, 3.0, 3.1, 3.2, 3.3, 3.4, 3.5, 3.6, 3.7, 3.8, 3.9, 4.0, 4.1, 4.2, 4.3, 4.4, 4.5, 4.6, 4.7, 4.8, 4.9, 5.0, 5.1, 5.2, 5.3, 5.4, 5.5, 5.6, 5.7, 5.8, 5.9, 6.0, 6.1, 6.2, 6.3, 6.4, 6.5, 6.6, 6.7, 6.8, 6.9, 7.0, 7.1, 7.2, 7.3, 7.4, 7.5, 7.6, 7.7, 7.8, 7.9, 8.0, 8.1, 8.2, 8.3, 8.4, 8.5, 8.6, 8.7, 8.8, 8.9, 9.0, 9.1, 9.2, 9.3, 9.4, 9.5, 9.6, 9.7, 9.8, 9.9, 10.0], 'fitness_function': 'sigmoid_rmse', 'minimization': True, 'seed': 2, 'log_path': '../../data/results/experiment3/gina/log_config_id_4.csv', 'verbose': False, 'log_level': 1, 'test_elite': True, 'slim_version': 'SLIM+SIG2', 'ms_lower': 0, 'ms_upper': 1, 'p_inflate': 0.5, 'reconstruct': True, 'copy_parent': True}}","{'train': {'accuracy': 0.8003742694854736, 'roc_auc': 0.8782160878181458, 'f1_score': 0.7942122220993042, 'precision': 0.819508969783783, 'recall': 0.7704304456710815}, 'test': {'accuracy': 0.7843551635742188, 'roc_auc': 0.8713880181312561, 'f1_score': 0.7676537036895752, 'precision': 0.8159806132316589, 'recall': 0.7247312068939209}}"
4,3,"{'name': 'slim', 'oversampling': True, 'config': {'pop_size': 100, 'n_iter': 500, 'elitism': True, 'n_elites': 1, 'init_depth': 6, 'initializer': 'rhh', 'tournament_size': 2, 'prob_const': 0.2, 'tree_functions': ['add', 'subtract', 'multiply', 'divide'], 'tree_constants': [-10.0, -9.9, -9.8, -9.7, -9.6, -9.5, -9.4, -9.3, -9.2, -9.1, -9.0, -8.9, -8.8, -8.7, -8.6, -8.5, -8.4, -8.3, -8.2, -8.1, -8.0, -7.9, -7.8, -7.7, -7.6, -7.5, -7.4, -7.3, -7.2, -7.1, -7.0, -6.9, -6.8, -6.7, -6.6, -6.5, -6.4, -6.3, -6.2, -6.1, -6.0, -5.9, -5.8, -5.7, -5.6, -5.5, -5.4, -5.3, -5.2, -5.1, -5.0, -4.9, -4.8, -4.7, -4.6, -4.5, -4.4, -4.3, -4.2, -4.1, -4.0, -3.9, -3.8, -3.7, -3.6, -3.5, -3.4, -3.3, -3.2, -3.1, -3.0, -2.9, -2.8, -2.7, -2.6, -2.5, -2.4, -2.3, -2.2, -2.1, -2.0, -1.9, -1.8, -1.7, -1.6, -1.5, -1.4, -1.3, -1.2, -1.1, -1.0, -0.9, -0.8, -0.7, -0.6, -0.5, -0.4, -0.3, -0.2, -0.1, 0.0, 0.1, 0.2, 0.3, 0.4, 0.5, 0.6, 0.7, 0.8, 0.9, 1.0, 1.1, 1.2, 1.3, 1.4, 1.5, 1.6, 1.7, 1.8, 1.9, 2.0, 2.1, 2.2, 2.3, 2.4, 2.5, 2.6, 2.7, 2.8, 2.9, 3.0, 3.1, 3.2, 3.3, 3.4, 3.5, 3.6, 3.7, 3.8, 3.9, 4.0, 4.1, 4.2, 4.3, 4.4, 4.5, 4.6, 4.7, 4.8, 4.9, 5.0, 5.1, 5.2, 5.3, 5.4, 5.5, 5.6, 5.7, 5.8, 5.9, 6.0, 6.1, 6.2, 6.3, 6.4, 6.5, 6.6, 6.7, 6.8, 6.9, 7.0, 7.1, 7.2, 7.3, 7.4, 7.5, 7.6, 7.7, 7.8, 7.9, 8.0, 8.1, 8.2, 8.3, 8.4, 8.5, 8.6, 8.7, 8.8, 8.9, 9.0, 9.1, 9.2, 9.3, 9.4, 9.5, 9.6, 9.7, 9.8, 9.9, 10.0], 'fitness_function': 'sigmoid_rmse', 'minimization': True, 'seed': 3, 'log_path': '../../data/results/experiment3/gina/log_config_id_4.csv', 'verbose': False, 'log_level': 1, 'test_elite': True, 'slim_version': 'SLIM+SIG2', 'ms_lower': 0, 'ms_upper': 1, 'p_inflate': 0.5, 'reconstruct': True, 'copy_parent': True}}","{'train': {'accuracy': 0.7925764322280884, 'roc_auc': 0.8409598469734192, 'f1_score': 0.7926411032676697, 'precision': 0.7923940420150757, 'recall': 0.792888343334198}, 'test': {'accuracy': 0.7790697813034058, 'roc_auc': 0.8371984958648682, 'f1_score': 0.7735645174980164, 'precision': 0.77947598695755, 'recall': 0.7677419185638428}}"
4,4,"{'name': 'slim', 'oversampling': True, 'config': {'pop_size': 100, 'n_iter': 500, 'elitism': True, 'n_elites': 1, 'init_depth': 6, 'initializer': 'rhh', 'tournament_size': 2, 'prob_const': 0.2, 'tree_functions': ['add', 'subtract', 'multiply', 'divide'], 'tree_constants': [-10.0, -9.9, -9.8, -9.7, -9.6, -9.5, -9.4, -9.3, -9.2, -9.1, -9.0, -8.9, -8.8, -8.7, -8.6, -8.5, -8.4, -8.3, -8.2, -8.1, -8.0, -7.9, -7.8, -7.7, -7.6, -7.5, -7.4, -7.3, -7.2, -7.1, -7.0, -6.9, -6.8, -6.7, -6.6, -6.5, -6.4, -6.3, -6.2, -6.1, -6.0, -5.9, -5.8, -5.7, -5.6, -5.5, -5.4, -5.3, -5.2, -5.1, -5.0, -4.9, -4.8, -4.7, -4.6, -4.5, -4.4, -4.3, -4.2, -4.1, -4.0, -3.9, -3.8, -3.7, -3.6, -3.5, -3.4, -3.3, -3.2, -3.1, -3.0, -2.9, -2.8, -2.7, -2.6, -2.5, -2.4, -2.3, -2.2, -2.1, -2.0, -1.9, -1.8, -1.7, -1.6, -1.5, -1.4, -1.3, -1.2, -1.1, -1.0, -0.9, -0.8, -0.7, -0.6, -0.5, -0.4, -0.3, -0.2, -0.1, 0.0, 0.1, 0.2, 0.3, 0.4, 0.5, 0.6, 0.7, 0.8, 0.9, 1.0, 1.1, 1.2, 1.3, 1.4, 1.5, 1.6, 1.7, 1.8, 1.9, 2.0, 2.1, 2.2, 2.3, 2.4, 2.5, 2.6, 2.7, 2.8, 2.9, 3.0, 3.1, 3.2, 3.3, 3.4, 3.5, 3.6, 3.7, 3.8, 3.9, 4.0, 4.1, 4.2, 4.3, 4.4, 4.5, 4.6, 4.7, 4.8, 4.9, 5.0, 5.1, 5.2, 5.3, 5.4, 5.5, 5.6, 5.7, 5.8, 5.9, 6.0, 6.1, 6.2, 6.3, 6.4, 6.5, 6.6, 6.7, 6.8, 6.9, 7.0, 7.1, 7.2, 7.3, 7.4, 7.5, 7.6, 7.7, 7.8, 7.9, 8.0, 8.1, 8.2, 8.3, 8.4, 8.5, 8.6, 8.7, 8.8, 8.9, 9.0, 9.1, 9.2, 9.3, 9.4, 9.5, 9.6, 9.7, 9.8, 9.9, 10.0], 'fitness_function': 'sigmoid_rmse', 'minimization': True, 'seed': 4, 'log_path': '../../data/results/experiment3/gina/log_config_id_4.csv', 'verbose': False, 'log_level': 1, 'test_elite': True, 'slim_version': 'SLIM+SIG2', 'ms_lower': 0, 'ms_upper': 1, 'p_inflate': 0.5, 'reconstruct': True, 'copy_parent': True}}","{'train': {'accuracy': 0.8284466862678528, 'roc_auc': 0.8882864713668823, 'f1_score': 0.8308733105659485, 'precision': 0.8192844390869141, 'recall': 0.8427947759628296}, 'test': {'accuracy': 0.8213530778884888, 'roc_auc': 0.8835625052452087, 'f1_score': 0.8234065175056458, 'precision': 0.8008130192756653, 'recall': 0.8473118543624878}}"
4,5,"{'name': 'slim', 'oversampling': True, 'config': {'pop_size': 100, 'n_iter': 500, 'elitism': True, 'n_elites': 1, 'init_depth': 6, 'initializer': 'rhh', 'tournament_size': 2, 'prob_const': 0.2, 'tree_functions': ['add', 'subtract', 'multiply', 'divide'], 'tree_constants': [-10.0, -9.9, -9.8, -9.7, -9.6, -9.5, -9.4, -9.3, -9.2, -9.1, -9.0, -8.9, -8.8, -8.7, -8.6, -8.5, -8.4, -8.3, -8.2, -8.1, -8.0, -7.9, -7.8, -7.7, -7.6, -7.5, -7.4, -7.3, -7.2, -7.1, -7.0, -6.9, -6.8, -6.7, -6.6, -6.5, -6.4, -6.3, -6.2, -6.1, -6.0, -5.9, -5.8, -5.7, -5.6, -5.5, -5.4, -5.3, -5.2, -5.1, -5.0, -4.9, -4.8, -4.7, -4.6, -4.5, -4.4, -4.3, -4.2, -4.1, -4.0, -3.9, -3.8, -3.7, -3.6, -3.5, -3.4, -3.3, -3.2, -3.1, -3.0, -2.9, -2.8, -2.7, -2.6, -2.5, -2.4, -2.3, -2.2, -2.1, -2.0, -1.9, -1.8, -1.7, -1.6, -1.5, -1.4, -1.3, -1.2, -1.1, -1.0, -0.9, -0.8, -0.7, -0.6, -0.5, -0.4, -0.3, -0.2, -0.1, 0.0, 0.1, 0.2, 0.3, 0.4, 0.5, 0.6, 0.7, 0.8, 0.9, 1.0, 1.1, 1.2, 1.3, 1.4, 1.5, 1.6, 1.7, 1.8, 1.9, 2.0, 2.1, 2.2, 2.3, 2.4, 2.5, 2.6, 2.7, 2.8, 2.9, 3.0, 3.1, 3.2, 3.3, 3.4, 3.5, 3.6, 3.7, 3.8, 3.9, 4.0, 4.1, 4.2, 4.3, 4.4, 4.5, 4.6, 4.7, 4.8, 4.9, 5.0, 5.1, 5.2, 5.3, 5.4, 5.5, 5.6, 5.7, 5.8, 5.9, 6.0, 6.1, 6.2, 6.3, 6.4, 6.5, 6.6, 6.7, 6.8, 6.9, 7.0, 7.1, 7.2, 7.3, 7.4, 7.5, 7.6, 7.7, 7.8, 7.9, 8.0, 8.1, 8.2, 8.3, 8.4, 8.5, 8.6, 8.7, 8.8, 8.9, 9.0, 9.1, 9.2, 9.3, 9.4, 9.5, 9.6, 9.7, 9.8, 9.9, 10.0], 'fitness_function': 'sigmoid_rmse', 'minimization': True, 'seed': 5, 'log_path': '../../data/results/experiment3/gina/log_config_id_4.csv', 'verbose': False, 'log_level': 1, 'test_elite': True, 'slim_version': 'SLIM+SIG2', 'ms_lower': 0, 'ms_upper': 1, 'p_inflate': 0.5, 'reconstruct': True, 'copy_parent': True}}","{'train': {'accuracy': 0.807860255241394, 'roc_auc': 0.8832764625549316, 'f1_score': 0.8034460544586182, 'precision': 0.822338342666626, 'recall': 0.7854023575782776}, 'test': {'accuracy': 0.8044397234916687, 'roc_auc': 0.8904477953910828, 'f1_score': 0.7942157983779907, 'precision': 0.8225806355476379, 'recall': 0.7677419185638428}}"
